{
	"cdrs": {
		"enabled": true,						// start the CDR Server service:  <true|false>
		//"extra_fields": [],						// extra fields to store in CDRs for non-generic CDRs
		//"store_cdrs": true,						// store cdrs in storDb
		//"sessions_cost_retries": 5,				// number of queries to sessions_costs before recalculating CDR
		//"chargers_conns": [],					// address where to reach the charger service, empty to disable charger functionality: <""|*internal|x.y.z.y:1234>
		"rals_conns": [
			//{"address": "*internal"}			// address where to reach the Rater for cost calculation, empty to disable functionality: <""|*internal|x.y.z.y:1234>
			{"address": "rals:2012","transport":"*json"}
		],
		//"pubsubs_conns": [],					// address where to reach the pubusb service, empty to disable pubsub functionality: <""|*internal|x.y.z.y:1234>
		//"attributes_conns": [],					// address where to reach the attribute service, empty to disable attributes functionality: <""|*internal|x.y.z.y:1234>
		//"users_conns": [],						// address where to reach the user service, empty to disable user profile functionality: <""|*internal|x.y.z.y:1234>
		//"aliases_conns": [],					// address where to reach the aliases service, empty to disable aliases functionality: <""|*internal|x.y.z.y:1234>
		//"cdrstats_conns": [],					// address where to reach the cdrstats service, empty to disable cdrstats functionality: <""|*internal|x.y.z.y:1234>
		//"thresholds_conns": [],					// address where to reach the thresholds service, empty to disable thresholds functionality: <""|*internal|x.y.z.y:1234>
		//"stats_conns": [],						// address where to reach the stat service, empty to disable stats functionality: <""|*internal|x.y.z.y:1234>
		//"online_cdr_exports":[],				// list of CDRE profiles to use for real-time CDR exports
	}
}
