{
	"scheduler": {
		"enabled": true,				// start Scheduler service: <true|false>
		// To be able to write *cdr_log from action
		"cdrs_conns": [					// address where to reach CDR Server, empty to disable CDR capturing <*internal|x.y.z.y:1234>
			{"address": "cdrs:2012","transport":"*json"}
			],				
	},
	
	"chargers": {
		"enabled": true,
	},

	"rals": {
		"enabled": true,						// enable Rater service: <true|false>
		//"thresholds_conns": [					// address where to reach the thresholds service, empty to disable thresholds functionality: <""|*internal|x.y.z.y:1234>
			//{"address": "thresholds:2013","transport":"*gob"}
		//],					
		//"cdrstats_conns": [],					// address where to reach the cdrstats service, empty to disable stats functionality: <""|*internal|x.y.z.y:1234>
		//"stats_conns": [],						// address where to reach the stat service, empty to disable stats functionality: <""|*internal|x.y.z.y:1234>
		//"pubsubs_conns": [],					// address where to reach the pubusb service, empty to disable pubsub functionality: <""|*internal|x.y.z.y:1234>
		//"users_conns": [],						// address where to reach the user service, empty to disable user profile functionality: <""|*internal|x.y.z.y:1234>
		//"aliases_conns": [],					// address where to reach the aliases service, empty to disable aliases functionality: <""|*internal|x.y.z.y:1234>
		//"rp_subject_prefix_matching": false,	// enables prefix matching for the rating profile subject
		//"lcr_subject_prefix_matching": false,	// enables prefix matching for the lcr subject
		//"max_computed_usage": {					// do not compute usage higher than this, prevents memory overload
		//	"*any": "189h",
		//	"*voice": "72h",
		//	"*data": "107374182400",
		//	"*sms": "10000"
		//},
	}
}
