{
	"general": {
		//"node_id": "",										// identifier of this instance in the cluster, if empty it will be autogenerated
		//"logger":"*syslog",										// controls the destination of logs <*syslog|*stdout>
		//"log_level": 6,											// control the level of messages logged (0-emerg to 7-debug)
		//"http_skip_tls_verify": false,							// if enabled Http Client will accept any TLS certificate
		//"rounding_decimals": 5,									// system level precision for floats
		//"dbdata_encoding": "msgpack",							// encoding used to store object data in strings: <msgpack|json>
		//"tpexport_dir": "/var/spool/cgrates/tpe",				// path towards export folder for offline Tariff Plans
		//"poster_attempts": 3,									// number of attempts before considering post request failed (eg: *call_url, CDR replication)
		//"failed_posts_dir": "/var/spool/cgrates/failed_posts",	// directory path where we store failed requests
		//"default_request_type": "*rated",						// default request type to consider when missing from requests: <""|*prepaid|*postpaid|*pseudoprepaid|*rated>
		"default_request_type": "*prepaid",
		//"default_category": "call",								// default category to consider when missing from requests
		//"default_tenant": "cgrates.org",						// default tenant to consider when missing from requests
		"default_tenant": "golant",
		//"default_timezone": "Local",							// default timezone for timestamps where not specified <""|UTC|Local|$IANA_TZ_DB>
		//"connect_attempts": 3,									// initial server connect attempts
		"connect_attempts": 10,
		//"reconnects": -1,										// number of retries in case of connection lost
		"reconnects": 1,
		//"connect_timeout": "1s",								// consider connection unsuccessful on timeout, 0 to disable the feature
		//"reply_timeout": "2s",									// consider connection down for replies taking longer than this value
		//"response_cache_ttl": "0s",								// the life span of a cached response
		//"internal_ttl": "2m",									// maximum duration to wait for internal connections before giving up
		//"locking_timeout": "0",									// timeout internal locks to avoid deadlocks
		//"digest_separator": ",",
		//"digest_equal": ":",
	},

	"data_db": {								// database used to store runtime data (eg: accounts, cdr stats)
		//"db_type": "redis",						// data_db type: <*redis|*mongo|*internal>
		//"db_host": "127.0.0.1",					// data_db host address
		"db_host": "dynomite",
		"db_port": 8102, 						// data_db port to reach the database
		//"db_name": "10", 						// data_db database name to connect to
		"db_name": "0",
		//"db_user": "cgrates", 					// username to use when connecting to data_db
		//"db_password": "", 						// password to use when connecting to data_db
		//"db_password": "QyV9LVnpbm"
		//"redis_sentinel":"",					// redis_sentinel is the name of sentinel
	},

	"stor_db": {								// database used to store offline tariff plans and CDRs
		//"db_type": "mysql",						// stor database type to use: <*mongo|*mysql|*postgres|*internal>
		//"db_host": "127.0.0.1",					// the host to connect to
		"db_host": "ocs-db-ptk-node-01",
		//"db_port": 3306,						// the port to reach the stordb
		//"db_name": "cgrates",					// stor database name
		//"db_user": "cgrates",					// username to use when connecting to stordb
		//"db_password": "",						// password to use when connecting to stordb
		"db_password": "a6a237de16",
		//"max_open_conns": 100,					// maximum database connections opened, not applying for mongo
		//"max_idle_conns": 10,					// maximum database connections idle, not applying for mongo
		"max_idle_conns": 0,
		//"conn_max_lifetime": 0, 				// maximum amount of time in seconds a connection may be reused (0 for unlimited), not applying for mongo
		"conn_max_lifetime": 7200,
		//"cdrs_indexes": [],						// indexes on cdrs table to speed up queries, used only in case of mongo
	},
		
	"listen": {
		//"rpc_json": "127.0.0.1:2012",			// RPC JSON listening address
		"rpc_json": ":2012",
		//"rpc_gob": "127.0.0.1:2013",			// RPC GOB listening address
		"rpc_gob": ":2013",
		//"http": "127.0.0.1:2080",				// HTTP listening address
		"http": ":2080",
		//"rpc_json_tls" : "127.0.0.1:2022",		// RPC JSON TLS listening address
		//"rpc_gob_tls": "127.0.0.1:2023",		// RPC GOB TLS listening address
		//"http_tls": "127.0.0.1:2280",			// HTTP TLS listening address
		//"tls_server_certificate" : "",			// path to server certificate(must conatin server.crt + ca.crt)
		//"tls_server_key":"",					// path to server key
		//"tls_client_certificate" : "",			// path to client certificate(must conatin client.crt + ca.crt)
		//"tls_client_key":"",					// path to client key
	},
	
	"http": {										// HTTP server configuration
		//"json_rpc_url": "/jsonrpc",					// JSON RPC relative URL ("" to disable)
		//"ws_url": "/ws",							// WebSockets relative URL ("" to disable)
		//"freeswitch_cdrs_url": "/freeswitch_json",	// Freeswitch CDRS relative URL ("" to disable)
		//"http_cdrs": "/cdr_http",					// CDRS relative URL ("" to disable)
		//"use_basic_auth": false,					// use basic authentication
		//"auth_users": {},							// basic authentication usernames and base64-encoded passwords (eg: { "username1": "cGFzc3dvcmQ=", "username2": "cGFzc3dvcmQy "})
	},
	
	"cache":{
		  //"destinations": {"limit": -1, "ttl": "", "static_ttl": false, "precache": false},			// destination caching
		  //"reverse_destinations": {"limit": -1, "ttl": "", "static_ttl": false, "precache": false},	// reverse destinations index caching
		  //"rating_plans": {"limit": -1, "ttl": "", "static_ttl": false, "precache": false},			// rating plans caching
		  //"rating_profiles": {"limit": -1, "ttl": "", "static_ttl": false, "precache": false},		// rating profiles caching
		  //"lcr_rules": {"limit": -1, "ttl": "", "static_ttl": false, "precache": false},				// lcr rules caching
		  //"cdr_stats": {"limit": -1, "ttl": "", "static_ttl": false, "precache": false},				// cdr stats queues caching
		  //"actions": {"limit": -1, "ttl": "", "static_ttl": false, "precache": false},				// actions caching
		  //"action_plans": {"limit": -1, "ttl": "", "static_ttl": false, "precache": false},			// action plans caching
		  //"account_action_plans": {"limit": -1, "ttl": "", "static_ttl": false, "precache": false},	// account action plans index caching
		  //"action_triggers": {"limit": -1, "ttl": "", "static_ttl": false, "precache": false},		// action triggers caching
		  //"shared_groups": {"limit": -1, "ttl": "", "static_ttl": false, "precache": false},			// shared groups caching
		  //"aliases": {"limit": -1, "ttl": "", "static_ttl": false, "precache": false},				// aliases caching
		  //"reverse_aliases": {"limit": -1, "ttl": "", "static_ttl": false, "precache": false},		// reverse aliases index caching
		  //"derived_chargers": {"limit": -1, "ttl": "", "static_ttl": false, "precache": false},		// derived charging rule caching
		  //"timings": {"limit": -1, "ttl": "", "static_ttl": false, "precache": false},				// timings caching
		  //"resource_profiles": {"limit": -1, "ttl": "", "static_ttl": false, "precache": false},		// control resource profiles caching
		  //"resources": {"limit": -1, "ttl": "", "static_ttl": false, "precache": false},				// control resources caching
		  //"event_resources": {"limit": -1, "ttl": "1m", "static_ttl": false},							// matching resources to events
		  //"statqueue_profiles": {"limit": -1, "ttl": "1m", "static_ttl": false, "precache": false},	// statqueue profiles
		  //"statqueues": {"limit": -1, "ttl": "1m", "static_ttl": false, "precache": false},			// statqueues with metrics
		  //"threshold_profiles": {"limit": -1, "ttl": "", "static_ttl": false, "precache": false},		// control threshold profiles caching
		  //"thresholds": {"limit": -1, "ttl": "", "static_ttl": false, "precache": false},				// control thresholds caching
		  //"filters": {"limit": -1, "ttl": "", "static_ttl": false, "precache": false},				// control filters caching
		  //"supplier_profiles": {"limit": -1, "ttl": "", "static_ttl": false, "precache": false},		// control supplier profile caching
		  "attribute_profiles": {"limit": 0, "ttl": "", "static_ttl": false, "precache": false},		// control attribute profile caching
		  //"charger_profiles": {"limit": -1, "ttl": "", "static_ttl": false, "precache": false},		// control charger profile caching
		  //"resource_filter_indexes" : {"limit": -1, "ttl": "", "static_ttl": false}, 					// control resource filter indexes caching
		  //"stat_filter_indexes" : {"limit": -1, "ttl": "", "static_ttl": false}, 						// control stat filter indexes caching
		  //"threshold_filter_indexes" : {"limit": -1, "ttl": "", "static_ttl": false}, 				// control threshold filter indexes caching
		  //"supplier_filter_indexes" : {"limit": -1, "ttl": "", "static_ttl": false}, 					// control supplier filter indexes caching
		  "attribute_filter_indexes" : {"limit": 0, "ttl": "", "static_ttl": false}, 				// control attribute filter indexes caching
		  //"charger_filter_indexes" : {"limit": -1, "ttl": "", "static_ttl": false}, 					// control charger filter indexes caching
	},
}